[
  {
    "question": "Вам звонят якобы из «службы безопасности банка»: «По вашей карте идёт списание. Назовите код из SMS, чтобы отменить». Как поступите?",
    "options": [
      "Назову код — иначе деньги пропадут",
      "Перешлю код коллеге, он у нас в финансах",
      "Соглашусь перевести деньги на «безопасный счёт»",
      "Разорву соединение и сам перезвоню по номеру на карте/в приложении"
    ],
    "correct": 3,
    "explanation": "Это классическая вишинговая атака. Никому не сообщайте коды из SMS/приложений. Завершите звонок и перезвоните в банк по номеру с карты или из приложения."
  },
  {
    "question": "В школьном чате появляется сообщение от «учителя»: просит прислать логин и пароль от электронного дневника для «проверки». Ваши действия?",
    "options": [
      "Отправлю логин и пароль в личку — это же учитель",
      "Сначала проверю в журнале/по известному школьному каналу, действительно ли это он",
      "Проигнорирую и удалю чат",
      "Разошлю всем одноклассникам скрин — пусть знают"
    ],
    "correct": 1,
    "explanation": "Учителя и админстрация никогда не запрашивают пароли. Подтвердите личность через официальный канал и сообщите о попытке в ИТ/безопасность."
  },
  {
    "question": "На телефон посыпались push‑запросы на вход в ваш корпоративный аккаунт, вы вход не инициировали. Что сделать?",
    "options": [
      "Подтвержу один — пусть отстанут",
      "Отключу двухфакторную аутентификаию — надоело",
      "Проигнорирую до завтра",
      "Отклоню все, немедленно сообщу в ИТ и сменю пароль"
    ],
    "correct": 3,
    "explanation": "Это атака MFA‑усталости. Нельзя подтверждать запросы, которые вы не инициировали. Отклоняйте, сообщайте в ИТ и меняйте пароль."
  },
  {
    "question": "Вы нашли в офисе неизвестную флешку у принтера. Что сделаете?",
    "options": [
      "Передам флешку в ИТ/службу безопасности, не подключая",
      "Подключу к офисному ПК — антивирус поймает, если что",
      "Подключу к старому домашнему ноутбуку — не жалко",
      "Оставлю на принтере — хозяин найдёт"
    ],
    "correct": 0,
    "explanation": "Подключение неизвестных носителей опасно: возможен запуск вредоносного кода. Передайте устройство специалистам."
  },
  {
    "question": "Коллега прислал приглашение к документу, но при открытии веб‑страница просит выдать приложению «DocsQuick» доступ читать и отправлять почту от вашего имени. Как быть?",
    "options": [
      "Разрешу — иначе документ не откроется",
      "Открою в «инкогнито» и всё будет безопасно",
      "Свяжусь с коллегой по известному каналу и попрошу прислать через утверждённый сервис; права приложению не даю",
      "Перешлю приглашение всей команде — вдруг кому-то нужно"
    ],
    "correct": 2,
    "explanation": "OAuth‑фишинг часто просит чрезмерные права. Подтвердите запрос у коллеги через независимый канал и используйте одобренные приложения."
  },
  {
    "question": "Звонит «директор» знакомым голосом и просит срочно отправить списки с персональными данными учащихся на его личную почту. Что делать?",
    "options": [
      "Перезвоню директору по официальному номеру/через секретариат и подтвержу запрос",
      "Выполню — это же директор",
      "Отправлю на его личную почту, так даже быстрее",
      "Вышлю только часть данных — остальное позже"
    ],
    "correct": 0,
    "explanation": "Голоса можно подделать (deepfake). Всегда используйте обратный звонок по официальному номеру и подтверждайте нестандартные запросы."
  },
  {
    "question": "Рядом со школой появилась Wi‑Fi сеть «School_Guest_Free». Вам нужен интернет. Как поступите?",
    "options": [
      "Подключусь и войду в рабочие сервисы — удобно",
      "Подключусь и потом выключу Wi‑Fi — так безопаснее",
      "Не буду подключаться; при необходимости использую мобильный интернет или проверенную гостевую сеть",
      "Переименую сеть и подключусь"
    ],
    "correct": 2,
    "explanation": "Поддельные точки Wi‑Fi могут перехватывать трафик. Лучше использовать мобильный интернет или официальную гостевую сеть + VPN."
  },
  {
    "question": "Пришло SMS: «Ваша посылка ожидает подтверждения: http://trk-deliv.me/xx». Что сделать?",
    "options": [
      "Перейду по ссылке и введу данные — выглядит правдоподобно",
      "Перешлю SMS всем — пусть знают",
      "Ответлю «СТОП», чтобы отстали",
      "Проверю статус доставки на официальном сайте или в приложении, введя трек‑номер вручную"
    ],
    "correct": 3,
    "explanation": "Это смишинг. Не переходите по ссылке из SMS. Проверьте доставку через официальный сайт/приложение, введя трек‑номер вручную."
  },
  {
    "question": "В календаре появилось приглашение «Срочное собрание педсовета» от неизвестного. Действия?",
    "options": [
      "Сверю с официальным календарём/расписанием и уточню у секретариата; присоединюсь только по подтверждённой ссылке",
      "Приму и зайду по полученной ссылке немедленно",
      "Отклоню всё подряд — перестрахуюсь",
      "Перешлю приглашение всем коллегам, чтобы не пропустили"
    ],
    "correct": 0,
    "explanation": "Календарный фишинг распространён. Проверяйте события по официальному расписанию и входите через известные ссылки/клиент."
  },
  {
    "question": "Письмо от «финансового директора»: «Срочно оплатите счёт, реквизиты изменились». Как поступите?",
    "options": [
      "Переведу деньги — не спорят с директором",
      "Отвечу «ок» и уточню сумму",
      "Перешлю поставщику этот же e‑mail с вопросом",
      "Проверю по известному каналу и выполню оплату только по утверждённой процедуре"
    ],
    "correct": 3,
    "explanation": "Это может быть BEC (компрометация деловой переписки). Подтверждайте изменения реквизитов по независимому каналу и следуйте процедурам."
  },
  {
    "question": "На двери серверной появился стикер: «Проблемы со связью? Звоните: 8‑9ХХ‑… (Иван, ИТ)». Что делать?",
    "options": [
      "Сообщу в безопасность и обращусь в официальный сервис‑деск/портал ИТ",
      "Позвоню по номеру — раз написано на двери, значит свой",
      "Разошлю номер всем: пригодится",
      "Сорву стикер и забуду"
    ],
    "correct": 0,
    "explanation": "Это похоже на reverse‑социнжиниринг. Используйте только официальные каналы поддержки и сообщите о находке службе безопасности."
  },
  {
    "question": "Звонит «техподдержка»: «Ошибка учётной записи, установите AnyDesk и назовите ID». Как поступите?",
    "options": [
      "Попрошу номер заявки и перезвоню в сервис‑деск по внутреннему номеру; без заявки — отказ",
      "Установлю AnyDesk и назову ID — пусть чинят",
      "Скину им свой пароль — так быстрее",
      "Выключу ПК и уйду домой"
    ],
    "correct": 0,
    "explanation": "Классический приём социнжиниринга. Всегда проверяйте через официальный сервис‑деск с тикетом и не устанавливайте удалённый доступ по чужой просьбе."
  },
  {
    "question": "В браузере всплыло окно «Ваш компьютер заражён! Позвоните 8‑800‑…». Как поступите?",
    "options": [
      "Позвоню по указанному номеру — помогут",
      "Закрою вкладку/браузер, запущу корпоративный антивирус и сообщу в ИТ",
      "Нажму «Очистить сейчас» — так быстрее",
      "Перезагружу ПК и забуду"
    ],
    "correct": 1,
    "explanation": "Это scareware. Не звоните и не нажимайте кнопки. Закройте вкладку, проверьте систему антивирусом и сообщите в ИТ."
  },
  {
    "question": "Надёжный партнёр прислал «допсоглашение» в ZIP‑архиве, что необычно для него. Что сделаете?",
    "options": [
      "Открою архив — партнёру доверяю",
      "Перекину ИТ, пусть сами откроют без проверки",
      "Свяжусь с контактным лицом по известному номеру и попрошу выслать через утверждённый канал; архив пока не открываю",
      "Разошлю архив всей команде проекта"
    ],
    "correct": 2,
    "explanation": "У компрометированного поставщика письма могут быть опасными. Проверьте по независимому каналу и просите использовать согласованный способ обмена."
  },
  {
    "question": "В Instagram пришёл «конкурс от школы» с сокращённой ссылкой. Дальнейшие действия?",
    "options": [
      "Перейду по ссылке и войду — что может пойти не так?",
      "Отмечу друзей — шанс выше",
      "Сразу пожалуюсь на спам и удалю",
      "Проверю, есть ли конкурс на официальных сайтах/аккаунтах школы"
    ],
    "correct": 3,
    "explanation": "Мошенники часто копируют бренды. Сначала проверяйте информацию на официальных ресурсах школы; не переходите по сокращённым ссылкам."
  },
  {
    "question": "После подозрительного письма внезапно пропала связь: SIM не ловит сеть. Ваши действия?",
    "options": [
      "С другого телефона свяжусь с оператором, заблокирую SIM и проверю, не было ли перевыпуска",
      "Подожду до вечера — бывает",
      "Попробую войти в банк и сменить пароль первым делом",
      "Переставлю SIM в другой телефон и продолжу работу"
    ],
    "correct": 0,
    "explanation": "Возможен SIM‑swap. Срочно свяжитесь с оператором с другого телефона, заблокируйте SIM и проверьте операции по критичным сервисам."
  },
  {
    "question": "Пришло письмо «Сброс пароля Microsoft», вы запрос не отправляли. Что делать?",
    "options": [
      "Игнорирую письмо — наверно случайность",
      "Перейду по ссылке из письма и отменю",
      "Перешлю всем предупреждение",
      "Зайду на портал безопасности через закладку и проверю активность; при необходимости сменю пароль и сообщу в ИТ"
    ],
    "correct": 3,
    "explanation": "Не кликайте ссылки из неожиданных писем. Откройте официальный портал безопасности из закладки, проверьте активность и при необходимости смените пароль."
  },
  {
    "question": "Нужно зайти в электронный дневник. В поиске первым идёт «Реклама» с похожим названием. Как поступите?",
    "options": [
      "Кликаю по рекламному результату — он выше",
      "Открываю сайт из закладки/по официальному адресу, избегая рекламы",
      "Набираю адрес «как помню» — тоже вариант",
      "Пусть ученик пришлёт ссылку из поиска"
    ],
    "correct": 1,
    "explanation": "Рекламные ссылки могут вести на фишинговые клоны (malvertising/типоскуаттинг). Используйте закладки или официальный адрес."
  },
  {
    "question": "Поставщик по договору заранее согласовал визит монтажника. Он пришёл с документами и в списке на проходной. Ваши действия?",
    "options": [
      "Проведу по стандартной процедуре: проверю документы, внесу в журнал, предоставлю минимальный доступ и сопровождение",
      "Пущу сразу — поставка же ожидаемая",
      "Дам ключи от помещений — пусть сами разбираются",
      "Разрешу работать ночью без сопровождения — так быстрее"
    ],
    "correct": 0,
    "explanation": "Это штатная ситуация без признаков атаки. Следуйте процедурам доступа: проверка, регистрация, минимально необходимый доступ и сопровождение."
  },
  {
    "question": "Коллега из вашего отдела просит доступ к общей папке. Пишет с корпоративной почты, на планёрке вчера согласовали. Как поступите?",
    "options": [
      "Выдам полный доступ — вдруг пригодится",
      "Открою доступ ровно по роли и сроку, оформлю заявку в системе",
      "Отправлю коллеге логин и пароль от папки",
      "Откажу — фишинг вокруг"
    ],
    "correct": 1,
    "explanation": "Ситуация нормальная, индикаторов фишинга нет. Действуйте по процессу и принципу наименьших привилегий, оформите доступ официально."
  },
  {
    "question": "У входа висит объявление: «Новое обновление для Teams — установи по QR». Что делать?",
    "options": [
      "Сканирую QR и ставлю обновление",
      "Сфотографирую и разошлю всем",
      "Подожду, пока кто-то проверит",
      "Проверю обновления в клиенте/портале Microsoft, QR игнорирую"
    ],
    "correct": 3,
    "explanation": "Quishing через QR — распространён. Обновления устанавливайте только из клиента/официального портала, а не по уличным объявлениям."
  },
  {
    "question": "Письмо «от Министерства образования» со ссылкой на minobrazovanie‑ru.org/policy.pdf. Действия?",
    "options": [
      "Открою ссылку — выглядит официально",
      "Перешлю письмо директорам: важно!",
      "Проверю сведения на официальном домене и свяжусь по номеру с сайта министерства",
      "Поиск в Google — что сверху, то и правда"
    ],
    "correct": 2,
    "explanation": "Похожий домен — не официальный. Проверяйте информацию на гос‑ресурсах и связывайтесь только по контактам с официального сайта."
  },
  {
    "question": "Звонит «техподдержка»: «Ошибка учётной записи, установите AnyDesk и назовите ID». Как поступите?",
    "options": [
      "Попрошу номер заявки и перезвоню в сервис‑деск по внутреннему номеру; без заявки — отказ",
      "Установлю AnyDesk и назову ID — пусть чинят",
      "Скину им свой пароль — так быстрее",
      "Выключу ПК и уйду домой"
    ],
    "correct": 0,
    "explanation": "Классический приём социнжиниринга. Всегда проверяйте через официальный сервис‑деск с тикетом и не устанавливайте удалённый доступ по чужой просьбе."
  },
  {
    "question": "Письмо от «директора»: «Нужны подарочные карты ученикам, купите 10 и пришлите коды, я на совещании». Что делать?",
    "options": [
      "Куплю карты и пришлю коды — дети ждут",
      "Ответом уточню номиналы и сроки",
      "Перешлю письмо всей команде: вдруг ещё кому-то надо",
      "Проверю запрос по известному каналу у директора/через секретариат; без подтверждения не покупаю"
    ],
    "correct": 3,
    "explanation": "Это популярная схема «подарочные карты». Подтверждайте такие просьбы по независимому каналу. Никогда не отправляйте коды по e‑mail."
  },
  {
    "question": "Вам на почту пришло письмо: 'Ваш почтовый ящик почти переполнен. Нажмите здесь, чтобы увеличить лимит до 50 ГБ бесплатно!'. Вы не знаете точно, сколько места у вас осталось. Что вы сделаете?",
    "options": [
      "Нажму на ссылку, бесплатное место никогда не помешает",
      "Удалю несколько старых писем, чтобы освободить место",
      "Проигнорирую письмо и проверю доступное место в настройках почтового сервиса",
      "Перешлю письмо коллегам, им тоже может понадобиться дополнительное место"
    ],
    "correct": 2,
    "explanation": "Мошенники часто используют тактику 'создания проблемы' (переполненный ящик, истекающий пароль) и предлагают 'легкое решение'. Это заставляет жертву кликнуть на фишинговую ссылку. Правильное действие — не доверять письму, а проверить информацию самостоятельно через официальный интерфейс сервиса."
    }
]