[
  {
    "question": "Звонят якобы из «службы безопасности банка»: «По вашей карте только что оформлен перевод. Сейчас пришлём SMS, продиктуйте код для отмены». Номер в телефоне определяется как «Банк», голос уверенный, на фоне «офис». Что делаете?",
    "options": [
      "Продиктую код из SMS, но сразу после сам позвоню в банк — так быстрее остановлю мошенников",
      "Скажу, что готов подтвердить отмену, но только если они назовут последние 4 цифры карты и серию/номер паспорта",
      "Разорву звонок, сам позвоню в банк по номеру с карты",
      "Соглашусь перевести деньги на «безопасный счёт», но с другого моего счёта — доступ к основной карте не дам"
    ],
    "correct": 2,
    "explanation": "Это вишинг с подменой номера и маскировкой SMS. Любая просьба продиктовать код/подтвердить пуш — кража. «Безопасные счета» — ловушка. Всегда прерывайте разговор и используйте только контакты из приложения/на обратной стороне карты."
  },
  {
    "question": "У школьного принтера нашли неизвестную флешку с наклейкой «контрольные 9Б». Что сделаете?",
    "options": [
      "Подключу к старому офлайн‑ноутбуку и открою только .docx — в них вирусов нет",
      "Оставлю у принтера — хозяйн найдет",
      "Вставлю в смартфон через переходник — на Android безопаснее",
      "Передам носитель школьному ИТ/безопасности"
    ],
    "correct": 3,
    "explanation": "Неизвестные носители — классический вектор заражения (BadUSB, HID‑эмуляция, автозапуск, макросы). Передайте специалистам, не включая устройство."
  },
  {
    "question": "Коллега прислал ссылку на документ. При открытии страница просит выдать приложению «DocsQuick» права на чтение/отправку почты. Статус: «Проверено издателем». Как быть?",
    "options": [
      "Дам только «минимальные» права — отмечу «только чтение», остальное сниму",
      "Открою в «инкогнито» для дополнительной безопасности",
      "Свяжусь с коллегой через известный канал и попрошу поделиться через надежные сервисы",
      "Выдам права на 10 минут, затем отзову в настройках аккаунта"
    ],
    "correct": 2,
    "explanation": "OAuth‑фишинг маскируется под «безобидные» интеграции. Флаг «Проверено» не гарантирует безопасность. Запрошенные права снять обычно нельзя. Подтверждайте у коллеги по независимому каналу и используйте только доверенные приложения."
  },
  {
    "question": "Вечером приходит голосовое от «директора»: узнаваемый голос просит срочно скинуть списки с персональными данными класса на личную почту «для отчёта». Что сделаете?",
    "options": [
      "Отправлю зашифрованный архив, пароль пришлю отдельным сообщением — это безопасно",
      "Попрошу записать голосовое сообщение, если директор ответит — отправлю",
      "Перезвоню директору по известному номеру, подтвержу запрос и оформлю передачу по регламенту или откажу",
      "Проверю, есть ли у контакта фото и взаимные чаты; если да — отправлю"
    ],
    "correct": 2,
    "explanation": "Голос легко подделать (deepfake), «личная почта» и срочность — красные флаги. Только обратный звонок по официальному номеру и соблюдение регламента обработки ПДн."
  },
  {
    "question": "Телефон отключился от школьной сети. Вы заходите в настройки и подключаетесь к сети с таким же названием. Пароль не требуется. Как поступите?",
    "options": [
      "Подключусь, но войду только на сайты с замочком (HTTPS)",
      "Подключусь — бывают сбои в технике",
      "Не подключаюсь, использую мобильный интернет",
      "Сверю название сети у коллег и подключусь, если подтвердят"
    ],
    "correct": 2,
    "explanation": "Поддельные точки (evil twin) и каптивные порталы воруют логины до включения VPN и подменяют страницы. Используйте мобильный интернет или официальную, документированную сеть, а доступы вводите только после проверки подлинности."
  },
  {
    "question": "SMS: «Посылка задержана. Подтвердите адрес: https://ḅelpochta.by/track/13267811». Сообщение в той же цепочке. Ваши действия?",
    "options": [
      "Открою ссылку на компьютере — там безопаснее",
      "Отвечу «СТОП», чтобы отписаться",
      "Самостоятельно проверю доставку в приложении/на сайте службы",
      "Скопирую ссылку и открою в вкладке «инкогнито»"
    ],
    "correct": 2,
    "explanation": "Это смишинг. Обращайте внимание на особые символы в ссылке. ḅelpochta.by и belpochta.by ведут на совершенно разные сайты. Переходить по ссылке или отвечать нельзя. Статус доставки проверяйте только через официальный канал."
  },
  {
    "question": "В календаре внезапно появилось «Срочное педсовет сегодня 19:00», организатор неизвестен, ссылка — teams-edu.support.link/meeting. Действия?",
    "options": [
      "Приму приглашение, но зайду только в начале встречи",
      "Перешлю приглашение всем коллегам — чтобы никто не пропустил",
      "Отклоню любые новые события — перестрахуюсь",
      "Сверю с официальным расписанием/секретариатом"
    ],
    "correct": 3,
    "explanation": "Календарный фишинг эксплуатирует автодобавление событий. Проверяйте по официальному расписанию и входите только через известный клиент/ссылку."
  },
  {
    "question": "Звонит «айти отдел школы»: «Ошибка учётной записи, установите AnyDesk/TeamViewer и продиктуйте ID». Ваши действия?",
    "options": [
      "Установлю, но дам доступ только на просмотр, без управления",
      "Отправлю им пароль от учётки — так быстрее решим",
      "Выключу ПК и уйду, чтобы не мешать специалистам",
      "Перезвоню по известному номеру и уточню запрос"
    ],
    "correct": 3,
    "explanation": "Классическая социнженерия через удалённый доступ. Любые действия — только через официальный запрос и канал. Никогда не ставьте ПО удалённого доступа по звонку «снаружи»."
  },
  {
    "question": "В браузере всплыло окно: «Ваш компьютер заражён! Позвоните 8‑800‑… / Очистить сейчас». Звук сирены, окно не закрывается. Что делаете?",
    "options": [
      "Позвоню — вдруг действительно вирус",
      "Нажму «Очистить сейчас» и сообщу о случившимся в ИТ отдел",
      "Закрою браузер через диспетчер задач и сообщу о случившимся в ИТ отдел",
      "Перезагружу ПК и забуду — само пройдёт"
    ],
    "correct": 2,
    "explanation": "Это scareware/поддельные алерты. Нельзя звонить и нажимать кнопки на странице. Жёстко завершите процесс, проверьте систему штатными средствами и сообщите ИТ."
  },
  {
    "question": "Сайт олимпиады требует установку расширения «SecureExam» для продолжения регистрации.",
    "options": [
      "Установлю — иначе не попасть",
      "Открою в другом браузере и всё равно поставлю",
      "Проверю на официальном сайте/в регламенте наличие такого требования",
      "Установлю, но отключу все разрешения расширения"
    ],
    "correct": 2,
    "explanation": "Подмена доверия через «обязательное» расширение. Проверяйте регламент и ставьте ПО только из официальных источников с подтверждением."
  },
  {
    "question": "Приглашение в общий диск. Сайт просит установить «корневой сертификат» для сохранения доступа.",
    "options": [
      "Установлю сертификат и буду спокойно пользоваться данными",
      "Не установлю сертификат, просмотрю информацию как есть",
      "Ничего не делаю, сообщаю ИТ/администрации",
      "Установлю сертификат, потом удалю"
    ],
    "correct": 2,
    "explanation": "Запрос на корневой сертификат — критический красный флаг. Не устанавливайте."
  },
  {
    "question": "Внезапно всплывает окно: «Разрешить этому приложению вносить изменения на вашем устройстве?». Приложение \"Обновление Windows\", есть логотип Microsoft.",
    "options": [
      "Нажму «Да» — в целых безопасности надо обновлять систему",
      "Нажму «Показать сведения» и проверю издателя",
      "Нажму «Нет»",
      "Отключу на время окно («Никогда не уведомлять»), разрешу установку, сделаю точку восстановления и сразу включу обратно"
    ],
    "correct": 2,
    "explanation": "Неинициированный UAC с «Обновление Windows» — типичный приём маскировки вредоносного инсталлятора под системное обновление. Название и логотип легко подделать, а настоящие обновления Windows чаще ставятся службой без внезапного UAC-диалога."
  },
  {
    "question": "Звонит «ремонт домофонов/УК»: «Меняем панель, старые ключи скоро не будут работать. Сейчас придёт SMS-код — продиктуйте, добавим ваши ключи в базу удалённо. У соседей уже всё подтверждено». Номер на экране отображается как «УК НашДом», голос уверенный, спешат.",
    "options": [
      "Продиктую код, но предварительно попрошу у мастера номер договора, фото удостоверения и акт работ",
      "Перезвоню на номер, с которого звонили, и если ответит тот же мастер, назову код",
      "Схожу к подъезду, проверю объявления, если есть - сообщу код мастеру",
      "Ничего не сообщаю: прерываю разговор, звоню в УК/ЖКХ по номеру из договора"
    ],
    "correct": 3,
    "explanation": "Это сценарий социнженерии с подменой номера и давлением срочностью. Домофонные ключи не «добавляют» по телефону через SMS от жильца: программирование делается на месте техником по заявке УК/ЖКХ, а не через коды из ваших сообщений."
  },
  {
    "question": "Надёжный партнёр прислал «допсоглашение» в ZIP‑архиве, что необычно для него. Что сделаете?",
    "options": [
      "Открою архив — партнёру доверяю",
      "Перекину коллеге, кто тоже с ним работает",
      "Свяжусь с контактным лицом по известному номеру",
      "Разошлю архив всей команде проекта"
    ],
    "correct": 2,
    "explanation": "У компрометированного поставщика письма могут быть опасными. Проверьте по независимому каналу и просите использовать согласованный способ обмена."
  },
  {
    "question": "В Instagram пришёл «конкурс от школы» с сокращённой ссылкой. Дальнейшие действия?",
    "options": [
      "Перейду по ссылке и войду — необходимо участвовать в жизни школы",
      "Сразу пожалуюсь на спам и удалю",
      "Отмечу друзей — шанс выше",
      "Проверю, есть ли конкурс на официальных сайтах/аккаунтах школы"
    ],
    "correct": 3,
    "explanation": "Мошенники часто копируют бренды. Сначала проверяйте информацию на официальных ресурсах школы; не переходите по сокращённым ссылкам."
  },
  {
    "question": "После подозрительного письма внезапно пропала связь: SIM не ловит сеть. Ваши действия?",
    "options": [
      "С другого телефона свяжусь с оператором, заблокирую SIM",
      "Подожду до вечера — бывает",
      "Попробую войти в банк и сменить пароль",
      "Переставлю SIM в другой телефон и продолжу работу"
    ],
    "correct": 0,
    "explanation": "Возможен SIM‑swap. Срочно свяжитесь с оператором с другого телефона, заблокируйте SIM и проверьте операции по критичным сервисам."
  },
  {
    "question": "Пришло письмо «Сброс пароля», вы запрос не отправляли. Что делать?",
    "options": [
      "Игнорирую письмо — наверно случайность",
      "Перейду по ссылке из письма и отменю",
      "Перешлю всем предупреждение",
      "Проверю активность, при необходимости сменю пароль"
    ],
    "correct": 3,
    "explanation": "Не кликайте ссылки из неожиданных писем. Откройте официальный портал безопасности из закладки, проверьте активность и при необходимости смените пароль."
  },
  {
    "question": "Нужно зайти в электронный дневник. В поиске первым идёт «Реклама» с именем gymn1vitebsk.schoo1s.by. Как поступите?",
    "options": [
      "Кликну по рекламному — модерация же проверяет",
      "Открою дневник из закладки/по официальному адресу",
      "Наберу адрес «как помню» — браузер поправит опечатки",
      "Пусть ученик пришлёт ссылку из поиска — так быстрее"
    ],
    "correct": 1,
    "explanation": "Malvertising и тайпсквоттинг маскируются под рекламу и опечатки. Используйте закладки и проверяйте домен."
  },
  {
    "question": "Надёжный партнёр по олимпиадам прислал архив с конфиденциальными материалами. Архив запаролен, пароль в письме. Что сделаете?",
    "options": [
      "Открою — раз архив запаролен, значит безопасно",
      "Разошлю архив команде — вдруг кому-то нужно",
      "Перешлю архив и письмо ИТ",
      "Попрошу выслать без пароля — так антивирус проверит"
    ],
    "correct": 2,
    "explanation": "Парольные ZIP часто обходят фильтры и несут вредоносы/скрипты. Сначала — проверка по независимому каналу и анализ в контролируемой среде."
  },
  {
    "question": "Во время урока в Teams пишет «AudioFix Bot»: «Обнаружены проблемы с микрофоном, установите WebHelper для автоматического исправления».",
    "options": [
      "Установлю — бот же внутри Teams",
      "Открою в гостевом профиле, вдруг поможет",
      "Дам боту доступ только к микрофону — не к файлам",
      "Проигнорирую"
    ],
    "correct": 3,
    "explanation": "Имитация системного бота — приём для доставки вредоноса/OAuth‑фишинга. Обновления — только из официальных магазинов/клиента; сторонние ссылки игнорируйте."
  },
  {
    "question": "Срочное сообщение от ИТ: «Обнаружена серьезная уязвимость в ПО. Срочно обновите систему через встроенный центр обновлений»",
    "options": [
      "Проигнорирую сообщение",
      "Проверю устройство антивирусом. Если ничего не найдет, значит можно проигнорировать",
      "Обновлю систему через центр обновлений",
      "Скачаю в поисковике программу для обновления системы"
    ],
    "correct": 2,
    "explanation": "Обновления действительно важны для обеспечения безопасности, осуществляется через встроенные центры обновлений. Не переходите по ссылкам и не скачивайте никакого дополнительного ПО для обновления."
  },
  {
    "question": "Письмо «от Министерства образования» со ссылкой на minobrazovanie‑ru.org/policy.pdf. Действия?",
    "options": [
      "Открою ссылку — написано ведь минобразования",
      "Свяжусь по \"надежному\" номеру с этого сайта",
      "Свяжусь с минобразованием по известному каналу",
      "Поищу в Google номер телефона и свяжусь"
    ],
    "correct": 2,
    "explanation": "Похожий домен — не официальный. Проверяйте информацию на гос‑ресурсах и связывайтесь только по контактам с официального сайта."
  },
  {
    "question": "Во время перемены ученик просит: «Можно на минутку с вашего компьютера зайти в почту и отправить презентацию? Телефон сел». У вас открыты электронный дневник, почта и общие папки.",
    "options": [
      "Разблокирую и посажу под присмотром: я рядом, ничего лишнего не откроет",
      "Открою приватное/инкогнито‑окно — оно изолирует мои сессии",
      "Открою гостевой режим компьютера",
      "Создам новый профиль браузера и дам на пару минут — так мои данные будут в безопасности"
    ],
    "correct": 2,
    "explanation": "Инкогнито/новый профиль не изолируют доступ к ОС, сетевым ресурсам, буферу обмена и устройствам. Любой доступ к вашей активной сессии = риск утечки токенов/данных."
  },
  {
    "question": "Вы заходите на территорию с ограниченным доступом. Сзади подбегает человек в деловой одежде с ноутбуком и папками: «Придержите, пожалуйста! Ключ карта сломалась, а мне надо срочно документы директору передать».",
    "options": [
      "Придержу дверь — человек выглядит знакомым, да и часто бывает беготня с документами",
      "Придержу дверь, но сфотографирую его бейдж/попрошу показать удостоверение и запишу ФИО",
      "Вежливо откажу: «Извините, по правилам не могу. Обратитесь на пост охраны для оформления временного пропуска",
      "Пропущу, но буду смотреть в какую сторону пойдет"
    ],
    "correct": 2,
    "explanation": "Tailgating (проход «на хвосте») — классический метод физического проникновения. Даже если лицо кажется знакомым, никогда не предоставляйте доступ в зоны ограниченного доступа по своей карте. Вежливо направьте к официальной процедуре получения доступа. Фотографирование бейджа или сопровождение не решают проблему: вы берёте на себя ответственность за несанкционированный доступ."
  },
  {
    "question": "Вам на почту пришло письмо: 'Ваш почтовый ящик почти переполнен. Нажмите здесь, чтобы увеличить лимит до 50 ГБ бесплатно!'. Вы не знаете точно, сколько места у вас осталось. Что вы сделаете?",
    "options": [
      "Нажму на ссылку, бесплатное место никогда не помешает",
      "Удалю несколько старых писем, чтобы освободить место",
      "Проверю доступное место в настройках почтового сервиса",
      "Перешлю письмо коллегам, им тоже может понадобиться дополнительное место"
    ],
    "correct": 2,
    "explanation": "Мошенники часто используют тактику 'создания проблемы' (переполненный ящик, истекающий пароль) и предлагают 'легкое решение'. Это заставляет жертву кликнуть на фишинговую ссылку. Правильное действие — не доверять письму, а проверить информацию самостоятельно через официальный интерфейс сервиса."
  }
]